[
    { "id":1, "contents":"Lorem, ipsum dolor sit amet consectetur adipisicing elit. Nisi totam vero eveniet voluptatem perferendis? Dolorem explicabo veniam corporis sapiente atque esse! Repellendus amet laudantium nam possimus consectetur necessitatibus hic aperiam.", "date":"2021-06-06"},
    { "id":2, "contents":"한국 투자자들, 지난해 비트코인으로 4,400억 벌었다", "date":"2021-06-09"},
    { "id":3, "contents":"외나로도 청석금에 국내 최초 민간 우주발사장 건설", "date":"2021-06-09"},
    { "id":4, "contents":"최원일 '천안함 수장 발언자 제명하라'… 송영길 '죄송하다'", "date":"2021-06-08"}
]