[
    { "id":1, "contents":"서울 31.6도·전주 33.6도 '최고 더위'…저녁에도 더워", "date":"2021-06-07"},
    { "id":2, "contents":"Lorem, ipsum dolor sit amet consectetur adipisicing elit. Nisi totam vero eveniet voluptatem perferendis? Dolorem explicabo veniam corporis sapiente atque esse! Repellendus amet laudantium nam possimus consectetur necessitatibus hic aperiam.", "date":"2021-06-06"},
    { "id":3, "contents":"최원일 '천안함 수장 발언자 제명하라'… 송영길 '죄송하다'", "date":"2021-06-08"}
]